Product ID;Nom;Brand;Prix;EAN;Action Recommandée
honor-x9b-12gb-256gb;HONOR X9B 12+8/256;HONOR;549.99€;6936520832545;ARCHIVER (status=draft)
honor-x9b-12gb-256gb;HONOR X9B 12+8/256;HONOR;549.99€;6936520832538;ARCHIVER (status=draft)
honor-x9b-12gb-256gb;HONOR X9B 12+8/256;HONOR;549.99€;6936520832552;ARCHIVER (status=draft)
honor-x9b-12gb-256gb;HONOR X9B 12+8/256;HONOR;549.99€;6936520832521;ARCHIVER (status=draft)
honor-200-pro-12gb-512gb;HONOR 200 PRO 12+12/512;HONOR;799.99€;34010001200027;ARCHIVER (status=draft)
honor-200-pro-12gb-512gb;HONOR 200 PRO 12+12/512;HONOR;799.99€;34010001200037;ARCHIVER (status=draft)
honor-200-pro-12gb-512gb;HONOR 200 PRO 12+12/512;HONOR;799.99€;34010001200047;ARCHIVER (status=draft)
honor-x6b-6gb-128gb;HONOR X6B 6+6/128;HONOR;199.99€;6936520848195;ARCHIVER (status=draft)
honor-x6b-6gb-128gb;HONOR X6B 6+6/128;HONOR;199.99€;6936520848201;ARCHIVER (status=draft)
honor-x6b-6gb-128gb;HONOR X6B 6+6/128;HONOR;199.99€;34010001600033;ARCHIVER (status=draft)
honor-x7c-8gb-256gb;HONOR X7C 8+8/256;HONOR;269.99€;6936520854745;ARCHIVER (status=draft)
honor-x5b-4gb-64gb;HONOR X5B 4+4/64;HONOR;149.99€;34010001500044;ARCHIVER (status=draft)
nokia-110-2023;NOKIA 110 2023;NOKIA;34.99€;6438409087256;ARCHIVER (status=draft)
nokia-g22;NOKIA G22;NOKIA;199.99€;6438409083210;ARCHIVER (status=draft)
nokia-g22;NOKIA G22;NOKIA;199.99€;6438409083227;ARCHIVER (status=draft)
monster-champion-airlinks;MONSTER Champion Airlinks;MONSTER;139.99€;0810079000137;ARCHIVER (status=draft)
casque-anc-hifuture-tour-x;CASQUE ANC HIFUTURE TOUR X;HIFUTURE;69.99€;6972999530337;ARCHIVER (status=draft)
casque-anc-hifuture-tour-x;CASQUE ANC HIFUTURE TOUR X;HIFUTURE;69.99€;6972999530320;ARCHIVER (status=draft)
hifuture-casque-anc-tour;HIFUTURE Casque ANC Tour;HIFUTURE;44.99€;6972999530313;ARCHIVER (status=draft)
monster-th300-tactile;MONSTER TH300 Tactile;MONSTER;69.99€;0810079710546;ARCHIVER (status=draft)
monster-th300-tactile;MONSTER TH300 Tactile;MONSTER;69.99€;0810079710553;ARCHIVER (status=draft)
hifuture-gravity;HIFUTURE GRAVITY Enceinte Bluetooth;HIFUTURE;89.99€;6972576183118;ARCHIVER (status=draft)
hifuture-gravity;HIFUTURE GRAVITY Enceinte Bluetooth;HIFUTURE;89.99€;6972576183125;ARCHIVER (status=draft)
led-002;MONSTER Illuminescence Basic Lightstrip Multicouleur;MONSTER;13.99€;1234567890001;ARCHIVER (status=draft)
led-002;MONSTER Illuminescence Basic Lightstrip Multicouleur;MONSTER;13.99€;1234567890002;ARCHIVER (status=draft)
led-002;MONSTER Illuminescence Basic Lightstrip Multicouleur;MONSTER;13.99€;1234567890003;ARCHIVER (status=draft)
led-004;MONSTER Illuminescence Neon Light Strip;MONSTER;26.99€;1234567890004;ARCHIVER (status=draft)
led-004;MONSTER Illuminescence Neon Light Strip;MONSTER;26.99€;1234567890005;ARCHIVER (status=draft)
led-004;MONSTER Illuminescence Neon Light Strip;MONSTER;26.99€;1234567890006;ARCHIVER (status=draft)
monster-persona-se-anc;MONSTER Persona SE ANC;MONSTER;99.99€;0810079710591;ARCHIVER (status=draft)
monster-persona-se-anc;MONSTER Persona SE ANC;MONSTER;99.99€;0810079710607;ARCHIVER (status=draft)
muvit-kidpic-appareil-photo;MUVIT KidPic Appareil Photo Enfant;MUVIT;59.99€;34040004100020;ARCHIVER (status=draft)
monster-mission-100;MONSTER Mission 100;MONSTER;99.99€;0810079710515;ARCHIVER (status=draft)
monster-mission-100;MONSTER Mission 100;MONSTER;99.99€;0810079710508;ARCHIVER (status=draft)
monster-enceinte-s150;MONSTER ENCEINTE S150;MONSTER;69.99€;34020002410016;ARCHIVER (status=draft)
muvit-kidpic-rouleaux;MUVIT KidPic Rouleaux Papier Photo;MUVIT;19.99€;34040004100030;ARCHIVER (status=draft)
