Base Produit;Prix;Nb Variants;Couleurs;EAN List;Action;Nouveau Slug
MONTRE HIFUTURE ZONE 2;49.99€;3;NOIR, ROSE, GRIS;6972576181244, 6972576181251, 6972576181268;CRÉER avec variant selector;montre-hifuture-zone-2
MONTRE HIFUTURE LUME;54.99€;3;NOIR, GRIS, VERT;6972576182302, 6972576182319, 6972576182333;CRÉER avec variant selector;montre-hifuture-lume
ENCEINTE HIFUTURE ALTUS;29.99€;3;NOIR, ROUGE, BLEU;6972576181312, 6972576181336, 6972576181329;CRÉER avec variant selector;enceinte-hifuture-altus
ENCEINTE HIFUTURE RIPPLE;64.99€;3;NOIR, ROUGE, BLEU;6972576181039, 6972576181046, 6972576181053;CRÉER avec variant selector;enceinte-hifuture-ripple
HONOR X5B 4+4/64;149.99€;2;NOIR, BLEU;6936520854851, 6936520854868;CRÉER avec variant selector;honor-x5b-44-64
HONOR X6C 6+6/128;199.99€;2;BLEU, NOIR;6936520869527, 6936520869510;CRÉER avec variant selector;honor-x6c-66-128
HONOR X7C 8+6/256;269.99€;2;NOIR, VERT;6936520854738, 6936520854721;CRÉER avec variant selector;honor-x7c-86-256
TELEPHONE HONOR 200 PRO 12+12/512;799.99€;2;VERT, BLANC;6936520845231, 6936520845248;CRÉER avec variant selector;telephone-honor-200-pro-1212-512
POWERBANK ABYX 10K MAH;19.99€;2;NOIR, BLANC;4897069737123, 4897069737130;CRÉER avec variant selector;powerbank-abyx-10k-mah
APPAREIL PHOTO ENFANT MUVIT KIDPIC;59.99€;2;BLEU, ROSE;3663111187236, 3663111187243;CRÉER avec variant selector;appareil-photo-enfant-muvit-kidpic
MONSTER N LITE 203;49.99€;2;NOIR, GOLD;0810079707041, 0810079707034;CRÉER avec variant selector;monster-n-lite-203
MONSTER N LITE 206;89.99€;2;NOIR, BLANC;0810079706433, 0810079706440;CRÉER avec variant selector;monster-n-lite-206
MONSTER TH300 TACTILE;69.99€;2;NOIR, BLANC;0810079705924, 0810079705931;CRÉER avec variant selector;monster-th300-tactile
MONSTER MISSION 100;59.99€;2;NOIR, BLANC;0810079705863, 0810079705108;CRÉER avec variant selector;monster-mission-100
MONSTER PERSONA SE ANC;99.99€;2;NOIR, GRIS;0810079706082, 0810079705733;CRÉER avec variant selector;monster-persona-se-anc
MONTRE HIFUTURE LUME PRO;69.99€;2;NOIR, VERT;6972576182401, 6972576182425;CRÉER avec variant selector;montre-hifuture-lume-pro
MONTRE HIFUTURE AURA 2;89.99€;2;NOIR, GRIS;6972576182524, 6972576182531;CRÉER avec variant selector;montre-hifuture-aura-2
MONTRE HIFUTURE GO PRO 2;109.99€;2;NOIR, GRIS;6972576182340, 6972576182357;CRÉER avec variant selector;montre-hifuture-go-pro-2
ECOUTEUR CONDUCTION A AIR MATE;34.99€;2;NOIR, GRIS;6972576180933, 6972576180940;CRÉER avec variant selector;ecouteur-conduction-a-air-mate
ECOUTEUR HIFUTURE OLYMBUDS 3;24.99€;2;NOIR, BLANC;6872576181688, 6972576181695;CRÉER avec variant selector;ecouteur-hifuture-olymbuds-3
ECOUTEUR HIFUTURE SONIC AIR;24.99€;2;NOIR, BLANC;6972576181657, 6972576181664;CRÉER avec variant selector;ecouteur-hifuture-sonic-air
ECOUTEUR HIFUTURE YAC;59.99€;2;ROSE, BLACK;6972576181381, 6972576181367;CRÉER avec variant selector;ecouteur-hifuture-yac
ENCEINTE HIFUTURE ASCENDO;54.99€;2;NOIR, ROSE;6972576181565, 6972576182128;CRÉER avec variant selector;enceinte-hifuture-ascendo
ENCEINTE HIFUTURE GRAVITY;89.99€;2;NOIR, BLEU;6972576181121, 6972576181138;CRÉER avec variant selector;enceinte-hifuture-gravity
